노선명,노선번호,시도명,시군구명,도로구간-기점,도로구간-종점,도로구간-기점(위도),도로구간-기점(경도),도로구간-종점(위도),도로구간-종점(경도),주요경유지,총길이(km),일반도로너비(m),자전거도로너비(m),자전거도로종류,자전거도로고시유무,관리기관명,관리기관전화번호,데이터기준일자
대정북로(유성-1),대로2-24,대전광역시,유성구,대전광역시 유성구 대정동 507-21(한우물네거리),대전광역시 유성구 대정동 302-4(유통단지네거리),36.3152638,127.3162527,36.3158856,127.3194099,,0.8,30,2,자전거전용도로,Y,대전광역시 유성구청,042-611-2807,2025-06-10
대학로(유성-2),대로3-21,대전광역시,유성구,대전광역시 유성구 가정동 52-4(과학공원네거리),대전광역시 유성구 궁동 258-3(충대정문오거리),36.3754392,127.3788837,36.36268381,127.3439809,유성구청,3.6,25,2,자전거전용도로,Y,대전광역시 유성구청,042-611-2807,2025-06-10
대학로(유성-3),광로2-4,대전광역시,유성구,대전광역시 유성구 궁동 258-3(충대정문오거리),대전광역시 유성구 봉명동 1016-1(유성네거리),36.36268381,127.3439809,36.3529709,127.3417826,온천교,0.97,50,1.9,자전거전용도로,Y,대전광역시 유성구청,042-611-2807,2025-06-10
대덕대로(유성-4),광로2-4,대전광역시,유성구,대전광역시 유성구 봉산동 839(신구교네거리),대전광역시 유성구 관평동 1344(미래로네거리),36.4360958,127.390045,36.428663,127.3869805,,1.2,30,2.7,자전거보행자겸용도로,Y,대전광역시 유성구청,042-611-2807,2025-06-10
대덕대로(유성-5),대로2-11,대전광역시,유성구,대전광역시 유성구 관평동 1344(미래로네거리),대전광역시 유성구 화암동 98-6(화암네거리),36.428663,127.3869805,36.4079573,127.375715,북대전ic네거리,5.2,30,1.5,자전거전용도로,Y,대전광역시 유성구청,042-611-2807,2025-06-10
대덕대로(유성-6),대로3-23,대전광역시,유성구,대전광역시 유성구 화암동 98-6(화암네거리),대전광역시 유성구 도룡동 381-41(도룡삼거리),36.4079573,127.375715,36.3880426,127.3779475,한국천문연구원,4.6,25,3,자전거보행자겸용도로,Y,대전광역시 유성구청,042-611-2807,2025-06-10
대덕대로(유성-7),대로2-10,대전광역시,유성구,대전광역시 유성구 도룡동 381-41(도룡삼거리),대전광역시 유성구 가정동 52-4(과학공원네거리),36.3880426,127.3779475,36.3754392,127.3788837,,3,30,3,자전거보행자겸용도로,Y,대전광역시 유성구청,042-611-2807,2025-06-10
과학로(유성-8),대로3-28,대전광역시,유성구,대전광역시 유성구 구성동 432-2(구성삼거리),대전광역시 유성구 신성동 459(승적골삼거리),36.369625,127.3700482,36.3853785,127.3548181,,4.8,25,3,자전거보행자겸용도로,Y,대전광역시 유성구청,042-611-2807,2025-06-10
가정로(유성-9),광로3-9,대전광역시,유성구,대전광역시 유성구 신성동 302(KT&G중앙연구원),대전광역시 유성구 도룡동 394-3(연구단지네거리),36.3820613,127.3480689,36.3852778,127.3783151,다름고개삼거리,6.4,40,1.5,자전거전용도로,Y,대전광역시 유성구청,042-611-2807,2025-06-10
가정북로(유성-10),대로3-22,대전광역시,유성구,대전광역시 유성구 장동 361-1(충렬삼거리),대전광역시 유성구 장동 84-19(다름고개삼거리),36.3972795,127.3553137,36.38453725,127.3636932,,3.4,25,2.5,자전거전용도로,Y,대전광역시 유성구청,042-611-2807,2025-06-10
문지로(유성-11),대로3-24,대전광역시,유성구,대전광역시 유성구 도룡동 381-41(도룡삼거리),대전광역시 유성구 도룡동 산22-18(대덕터널),36.3880426,127.3779475,36.3885612,127.3823463,,0.4,25,1.5,자전거전용도로,Y,대전광역시 유성구청,042-611-2807,2025-06-10
문지로(유성-12),대로3-24,대전광역시,유성구,대전광역시 유성구 도룡동 산22-18(대덕터널),대전광역시 유성구 문지동 613-2(문지삼거리),36.3885612,127.3823463,36.390046,127.4049961,,3,25,1.5,자전거전용도로,Y,대전광역시 유성구청,042-611-2807,2025-06-10
배울1로(유성-13),대로2-3대로2-4,대전광역시,유성구,대전광역시 유성구 전민동 20-1(한빛대교),대전광역시 유성구 관평동 665,36.4104408,127.4140727,36.420013,127.3820973,동화울교,3.3,30,2,자전거전용도로,Y,대전광역시 유성구청,042-611-2807,2025-06-10
한밭대로(유성-14),광로2-3,대전광역시,유성구,대전광역시 유성구 봉명동 1012-2(갑천대교),대전광역시 유성구 궁동 482-1(충대정문오거리),36.3595511,127.3585635,36.36207497,127.3446411,,1.19,50,1.5,자전거전용도로,Y,대전광역시 유성구청,042-611-2807,2025-06-10
한밭대로(유성-15),광로2-3,대전광역시,유성구,대전광역시 유성구 궁동 258-3(충대정문오거리),대전광역시 유성구 노은동 61-11(월드컵사거리),36.36268381,127.3439809,36.3668638,127.326477,,3.2,50,1.8,자전거전용도로,Y,대전광역시 유성구청,042-611-2807,2025-06-10
한밭대로(유성-16),광로2-3,대전광역시,유성구,대전광역시 유성구 노은동 61-11(월드컵사거리),대전광역시 유성구 노은동 564-1(수정초네거리),36.3668638,127.326477,36.3665588,127.3124834,노은네거리,2.4,50,2,자전거전용도로,Y,대전광역시 유성구청,042-611-2807,2025-06-10
송림로(유성-17),중로1-169,대전광역시,유성구,대전광역시 유성구 지족동 984-5(반석네거리),대전광역시 유성구 하기동 531-2(송림네거리),36.3872622,127.317540,36.3873451,127.3226109,,1.2,20,2,자전거전용도로,Y,대전광역시 유성구청,042-611-2807,2025-06-10
현충원로(유성-18),대로2-12,대전광역시,유성구,대전광역시 유성구 장대동 267-5(구암교네거리),대전광역시 유성구 장대동 224-2,36.3582703,127.3320553,36.3597469,127.326984,,0.44,25,3,자전거보행자겸용도로,Y,대전광역시 유성구청,042-611-2807,2025-06-10
현충원로(유성-19),대로1-11,대전광역시,유성구,대전광역시 유성구 장대동 224-29,대전광역시 유성구 구암동 427-3(현충원역삼거리),36.359749,127.3257583,36.3597106,127.3174018,,1.4,35,1.5,자전거전용도로,Y,대전광역시 유성구청,042-611-2807,2025-06-10
현충원로(유성-20),대로1-11,대전광역시,유성구,대전광역시 유성구 구암동 427-3(현충원역삼거리),대전광역시 유성구 구암동 664-1(덕명네거리),36.3597106,127.3174018,36.3600302,127.3056102,,2.2,35,1.5,자전거전용도로,Y,대전광역시 유성구청,042-611-2807,2025-06-10
현충원로(유성-21),대로1-11,대전광역시,유성구,대전광역시 유성구 구암동 664-1(덕명네거리),대전광역시 유성구 갑동 산40-1(삽재IC),36.3600302,127.3056102,36.36074725,127.273742,,5.6,35,1.5,자전거전용도로,Y,대전광역시 유성구청,042-611-2807,2025-06-10
노은로(유성-22),대로2-28대로2-27대로1-25,대전광역시,유성구,대전광역시 유성구 구암동 427-2(현충원역삼거리),대전광역시 유성구 하기동 514(송림네거리),36.3597476,127.3175686,36.3885832,127.3216193,지족네거리,6,30,2,자전거전용도로,Y,대전광역시 유성구청,042-611-2807,2025-06-10
노은로(유성-23),대로1-25,대전광역시,유성구,대전광역시 유성구 하기동 514(송림네거리),대전광역시 유성구 하기동 546,36.3885832,127.3216193,36.389992,127.3317172,,2.2,30,3,자전거보행자겸용도로,Y,대전광역시 유성구청,042-611-2807,2025-06-10
노은로(유성-24),대로1-25대로1-16,대전광역시,유성구,대전광역시 유성구 하기동 546,대전광역시 유성구 신성동 산26-8(신성교),36.389992,127.3317172,36.3843425,127.343324,,3,30,1.5,자전거전용도로,Y,대전광역시 유성구청,042-611-2807,2025-06-10
진잠로(유성-25),중로1-151,대전광역시,유성구,대전광역시 유성구 교촌동 615-5(교촌삼거리),대전광역시 유성구 원내동 197-1,36.3047413,127.3201303,36.3009205,127.3154872,새마을금고 진잠지점,1.2,20,1.5,자전거전용도로,Y,대전광역시 유성구청,042-611-2807,2025-06-10
계백로(유성-26),광로2-12,대전광역시,유성구,대전광역시 유성구 원내동 838(서구경계),대전광역시 유성구 원내동 806-1(진잠네거리),36.3018971,127.3319907,36.298777,127.3236558,,0.9,40,2,자전거전용도로,Y,대전광역시 유성구청,042-611-2807,2025-06-10
배울2로(유성-27),중로1-008,대전광역시,유성구,대전광역시 유성구 관평동 896,대전광역시 유성구 용산동 719,36.423381,127.3850927,36.4188849,127.3976619,배울교,2.8,22,1.5,자전거전용도로,Y,대전광역시 유성구청,042-611-2807,2025-06-10
북유성대로(유성-28),광로2-7,대전광역시,유성구,대전광역시 유성구 반석동 679(외삼네거리),대전광역시 유성구 장대동 224-2,36.3961445,127.3121561,36.3597469,127.326984,침신대네거리,7.2,50,2,자전거전용도로,Y,대전광역시 유성구청,042-611-2807,2025-06-10
유성대로(유성-29),대로3-25,대전광역시,유성구,대전광역시 유성구 전민동 325-5(전민네거리),대전광역시 유성구 화암동 98-6(화암네거리),36.3992724,127.4045468,36.4079573,127.375715,대전과학수사연구소,6,25,1.5,자전거전용도로,Y,대전광역시 유성구청,042-611-2807,2025-06-10
유성대로(유성-30),대로2-11,대전광역시,유성구,대전광역시 유성구 화암동 98-6(화암네거리),대전광역시 유성구 방현동 424,36.4079573,127.375715,36.4059137,127.3709707,,0.3,30,2,자전거보행자겸용도로,Y,대전광역시 유성구청,042-611-2807,2025-06-10
유성대로(유성-31),대로2-11,대전광역시,유성구,대전광역시 유성구 방현동 424,대전광역시 유성구 장동 451(자운동515-22),36.4059137,127.3709707,36.4004003,127.3624054,,1.2,30,2.5,자전거보행자겸용도로,Y,대전광역시 유성구청,042-611-2807,2025-06-10
유성대로(유성-32),대로2-11,대전광역시,유성구,대전광역시 유성구 자운동 20-14(자운대네거리),대전광역시 유성구 하기동 18-32,36.3933394,127.3503937,36.3910947,127.346968,,0.38,30,1.5,자전거보행자겸용도로,Y,대전광역시 유성구청,042-611-2807,2025-06-10
유성대로(유성-33),대로2-11,대전광역시,유성구,대전광역시 유성구 하기동 산2-7,대전광역시 유성구 신성동 372-5(신성네거리),36.3870731,127.3432898,36.3843027,127.3442828,,0.3,30,1.5,자전거전용도로,Y,대전광역시 유성구청,042-611-2807,2025-06-10
유성대로(유성-31),광로3-3,대전광역시,유성구,대전광역시 유성구 신성동 산26-8(신성교),대전광역시 유성구 장대동 318-1(궁동네거리),36.3843425,127.343324,36.3645166,127.3386656,충남대수의대,4.2,40,3,자전거보행자겸용도로,Y,대전광역시 유성구청,042-611-2807,2025-06-10
유성대로(유성-32),대로2-30,대전광역시,유성구,대전광역시 유성구 장대동 318-1(장대네거리),대전광역시 유성구 장대동 352-8(유성초네거리),36.3645166,127.3386656,36.3605907,127.3360468,,0.4,30,2.5,자전거전용도로,Y,대전광역시 유성구청,042-611-2807,2025-06-10
유성대로(유성-33),대로2-12,대전광역시,유성구,대전광역시 유성구 장대동 267-5(구암교네거리),대전광역시 유성구 구암동 226-1((구)유성중),36.3582703,127.3320553,36.3477147,127.3268759,,1.2,30,1.3,자전거전용도로,Y,대전광역시 유성구청,042-611-2807,2025-06-10
유성대로(유성-34),대로2-12,대전광역시,유성구,대전광역시 유성구 구암동 226-1((구)유성중),대전광역시 유성구 구암동 269-3,36.3477147,127.3268759,36.3463715,127.3252052,,0.1,30,1.5,자전거전용도로,Y,대전광역시 유성구청,042-611-2807,2025-06-10
유성대로(유성-35),대로2-12,대전광역시,유성구,대전광역시 유성구 구암동 269-3,대전광역시 유성구 대정동 507-21(한우물네거리),36.3463715,127.3252052,36.3152638,127.3162527,사기막골삼거리,3.8,30,1.5,자전거전용도로,Y,대전광역시 유성구청,042-611-2807,2025-06-10
유성대로(유성-36),광로2-11,대전광역시,유성구,대전광역시 유성구 대정동 507-21(한우물네거리),대전광역시 유성구 교촌동 616,36.3152638,127.3162527,36.3059407,127.3186835,,1.2,30,1.5,자전거전용도로,Y,대전광역시 유성구청,042-611-2807,2025-06-10
유성대로(유성-37),광로2-11광로2-17,대전광역시,유성구,대전광역시 유성구 교촌동 616,대전광역시 유성구 원내동 806-1(진잠네거리),36.3059407,127.3186835,36.298777,127.3236558,,1.4,30,3,자전거보행자겸용도로,Y,대전광역시 유성구청,042-611-2807,2025-06-10
갑천로(유성-38),대로2-3대로3-1대로2-4,대전광역시,유성구,대전광역시 유성구 봉산동 839(신구교네거리),대전광역시 유성구 전민동 20-1(한빛대교),36.4360958,127.390045,36.4104408,127.4140727,용산네거리,3.6,25,2,자전거전용도로,Y,대전광역시 유성구청,042-611-2807,2025-06-10
은구비로(유성-39),대로3-60대로3-61,대전광역시,유성구,대전광역시 유성구 지족동 858(열매마을4단지아파트),대전광역시 유성구 지족동 881-1(은구비네거리),36.377037,127.3166374,36.3781255,127.3226128,,1.8,20,2,자전거전용도로,Y,대전광역시 유성구청,042-611-2807,2025-06-10
은구비남로(유성-40),중로1-130,대전광역시,유성구,대전광역시 유성구 노은동 487(노은교회),대전광역시 유성구 노은동 523(대전선사박물관),36.371866,127.3154234,36.3710798,127.3245461,,1.4,20,2,자전거전용도로,Y,대전광역시 유성구청,042-611-2807,2025-06-10
유성대로654번길(유성-41),중로1-13,대전광역시,유성구,대전광역시 유성구 구암동 625-1(태림건재),대전광역시 유성구 구암동 610-26(낙원고시텔),36.3518288,127.3292582,36.3506837,127.3372451,,1.2,20,1.6,자전거전용도로,Y,대전광역시 유성구청,042-611-2807,2025-06-10
대정북로(유성-42),대로2-24대로2-39,대전광역시,유성구,대전광역시 유성구 대정동 507-21(한우물네거리),대전광역시 유성구 대정동 304-7(에이스원),36.3152638,127.3162527,36.3160813,127.323718,,0.6,30,1.5,자전거전용도로,Y,대전광역시 유성구청,042-611-2807,2025-06-10
유성대로1689번길(유성-43),중로3-108중로3-112,대전광역시,유성구,대전광역시 유성구 전민동 460-1(삼성푸른아파트),대전광역시 유성구 전민동 463-1(kwater연구원),36.3988931,127.3989756,36.4022863,127.3998971,,0.6,12,1.5,자전거전용도로,Y,대전광역시 유성구청,042-611-2807,2025-06-10
엑스포로539번길(유성-44),중로2-78,대전광역시,유성구,대전광역시 유성구 전민동 463-1(kwater연구원),대전광역시 유성구 전민동 462-3(태광산업중앙연구소),36.4022863,127.3998971,36.4036574,127.4037218,,0.6,15,1.75,자전거전용도로,Y,대전광역시 유성구청,042-611-2807,2025-06-10
관평1로(유성-45),중로1-6,대전광역시,유성구,대전광역시 유성구 관평동 887(롯데마트대덕점),대전광역시 유성구 관평동 936(기업은행대덕점),36.4269596,127.3869827,36.4248543,127.3894415,,0.8,20,1.5,자전거전용도로,Y,대전광역시 유성구청,042-611-2807,2025-06-10
대정로(유성-46),대로3-76대로2-40,대전광역시,유성구,대전광역시 유성구 대정동 303-2(모다아울렛대전점),대전광역시 유성구 대정동 300-1(중부화물터미널),36.3125055,127.319328,36.3172504,127.3185183,,1.4,25,1.5,자전거전용도로,Y,대전광역시 유성구청,042-611-2807,2025-06-10
테크노중앙로(유성-47),대로2-1,대전광역시,유성구,대전광역시 유성구 관평동 1344(미래로네거리),대전광역시 유성구 탑립동 445-2(청막산공원삼거리),36.428663,127.3869805,36.4128299,127.406941,,5.9,30,2,자전거전용도로,Y,대전광역시 유성구청,042-611-2807,2025-06-10
테크노2로(유성-48),중로1-1,대전광역시,유성구,대전광역시 유성구 송강동 171-2(송강동네거리),대전광역시 유성구 관평동 1319(유콘시스템),36.4341757,127.3881974,36.4314237,127.3928474,,1,20,1.5,자전거전용도로,Y,대전광역시 유성구청,042-611-2807,2025-06-10
테크노3로(유성-49),중로1-2,대전광역시,유성구,대전광역시 유성구 관평동 887(롯데마트대덕점),대전광역시 유성구 관평동 1316(웅진에너지),36.4269596,127.3869827,36.4338862,127.3932744,,1.8,20,1.5,자전거전용도로,Y,대전광역시 유성구청,042-611-2807,2025-06-10
테크노6로관평천변로(유성-50),대로2-9중로1-013-1,대전광역시,유성구,대전광역시 유성구 관평동 688(keponf),대전광역시 유성구 관평동 672(테크노6단지),36.4292989,127.3986186,36.4191329,127.3897093,,2.6,20,1.5,자전거전용도로,Y,대전광역시 유성구청,042-611-2807,2025-06-10
반석서로(유성-51),중로1-165,대전광역시,유성구,대전광역시 유성구 반석동 623(외삼네거리),대전광역시 유성구 반석동 613(반석6단지),36.3945289,127.3117467,36.3942428,127.3090181,,0.7,20,1.5,자전거전용도로,Y,대전광역시 유성구청,042-611-2807,2025-06-10
반석동로(유성-52),중로1-166,대전광역시,유성구,대전광역시 유성구 반석동 621-4(쎈타프라자),대전광역시 유성구 반석동 613(반석6단지),36.3915889,127.3114048,36.3942428,127.3090181,,0.9,20,1.5,자전거전용도로,Y,대전광역시 유성구청,042-611-2807,2025-06-10
반석동로(유성-53),중로1-167,대전광역시,유성구,대전광역시 유성구 반석동 622(반석5단지),대전광역시 유성구 반석동 977(반석1단지),36.39031467,127.3109012,36.38842912,127.3115374,,0.8,20,1.5,자전거전용도로,Y,대전광역시 유성구청,042-611-2807,2025-06-10
반석서로(유성-54),중로2-225,대전광역시,유성구,대전광역시 유성구 반석동 613(반석6단지),대전광역시 유성구 반석동 616(반석4단지),36.39427962,127.3091381,36.3919395,127.309685,,0.9,15,1.5,자전거전용도로,Y,대전광역시 유성구청,042-611-2807,2025-06-10
반석서로(유성-55),중로2-226,대전광역시,유성구,대전광역시 유성구 반석동 622(반석5단지),대전광역시 유성구 반석동 977(반석1단지),36.39031467,127.3109012,36.38842912,127.3115374,,0.7,15,1.5,자전거전용도로,Y,대전광역시 유성구청,042-611-2807,2025-06-10
지족로(유성-56),중로1-168,대전광역시,유성구,대전광역시 유성구 지족동 599-4,대전광역시 유성구 지족동 984-5(용진프라자),36.3879961,127.308817,36.3872622,127.317540,,1.4,20,1.5,자전거전용도로,Y,대전광역시 유성구청,042-611-2807,2025-06-10
노은동로(유성-57),중로2-148,대전광역시,유성구,대전광역시 유성구 지족동 873(열매2단지),대전광역시 유성구 지족동 880(열매6단지),36.38005898,127.3191366,36.3765116,127.3208994,,1.4,15,1.5,자전거전용도로,Y,대전광역시 유성구청,042-611-2807,2025-06-10
노은동로(유성-58),중로1-132,대전광역시,유성구,대전광역시 유성구 노은동 534-12(sk주유소),대전광역시 유성구 지족동 915(상지초),36.367503,127.3231618,36.3753649,127.322113,,2,20,1.5,자전거전용도로,Y,대전광역시 유성구청,042-611-2807,2025-06-10
노은동로(유성-59),대로2-7,대전광역시,유성구,대전광역시 유성구 노은동 566(농수산시장),대전광역시 유성구 노은동 567-1(노블레스),36.36516791,127.3201783,36.3626801,127.3181781,,1.2,30,1.5,자전거전용도로,Y,대전광역시 유성구청,042-611-2807,2025-06-10
노은동로(유성-60),중로1-131,대전광역시,유성구,대전광역시 유성구 노은동 552-2(수정초),대전광역시 유성구 노은동 562-8(노은오피스텔),36.3661318,127.3134566,36.3635225,127.3173462,,1.4,20,3,자전거전용도로,Y,대전광역시 유성구청,042-611-2807,2025-06-10
노은서로(유성-61),중로1-129,대전광역시,유성구,대전광역시 유성구 노은동 515-1(대순진리회),대전광역시 유성구 노은동 488-1(갤러리하우스),36.3675286,127.3134221,36.3719951,127.3159349,,1.3,20,3,자전거전용도로,Y,대전광역시 유성구청,042-611-2807,2025-06-10
엑스포로(유성-62),대로3-27,대전광역시,유성구,대전광역시 유성구 전민동 466-3(엑스포코아),대전광역시 유성구 전민동 462-3(태광산업연구소),36.4000083,127.4057117,36.40351598,127.4036059,,1,25,1.5,자전거전용도로,Y,대전광역시 유성구청,042-611-2807,2025-06-10
엑스포로(유성-63),대로3-25,대전광역시,유성구,대전광역시 유성구 전민동 325-4(전민네거리),대전광역시 유성구 문지동 103-2(문지삼거리),36.399362,127.4044235,36.3927881,127.4036487,,2,25,1.5,자전거전용도로,Y,대전광역시 유성구청,042-611-2807,2025-06-10
엑스포로(유성-64),대로3-21,대전광역시,유성구,대전광역시 유성구 문지동 104-4(gs연구소),대전광역시 유성구 도룡동 3-1(과학공원네거리),36.3889342,127.4025412,36.3778275,127.3823643,원촌삼거리,7.4,25,2.5,자전거보행자겸용도로,Y,대전광역시 유성구청,042-611-2807,2025-06-10
학하서로(유성-65),중로1-142,대전광역시,유성구,대전광역시 유성구 덕명동 601-4,대전광역시 유성구 덕명동 601-1,36.3474185,127.3003969,36.347673,127.3007623,,0.12,20,2.9,자전거보행자겸용도로,Y,대전광역시 유성구청,042-611-2807,2025-06-10
학하서로(유성-66),중로2-183,대전광역시,유성구,대전광역시 유성구 덕명동 613-1(당산네거리),대전광역시 유성구 계산동 744-1,36.3474318,127.2995947,36.3401864,127.3043159,,2.22,15,4,자전거보행자겸용도로,Y,대전광역시 유성구청,042-611-2807,2025-06-10
학하동로(유성-67),중로1-146,대전광역시,유성구,대전광역시 유성구 학하동 726-7,대전광역시 유성구 학하동 724-6,36.339812,127.3050322,36.3384961,127.3081295,,0.6,20,4,자전거보행자겸용도로,Y,대전광역시 유성구청,042-611-2807,2025-06-10
학하동로(유성-68),소로1-학하06,대전광역시,유성구,대전광역시 유성구 학하동 750-7,대전광역시 유성구 학하동 753-7,36.3383272,127.308532,36.3374558,127.3105782,,0.4,20,4,자전거보행자겸용도로,Y,대전광역시 유성구청,042-611-2807,2025-06-10
학하남로(유성-69),중로2-176,대전광역시,유성구,대전광역시 유성구 계산동 744-10,대전광역시 유성구 계산동 801-1(진잠농협),36.3391644,127.3037123,36.3424818,127.3038499,,1,15,3,자전거보행자겸용도로,Y,대전광역시 유성구청,042-611-2807,2025-06-10
학하남로(유성-70),중로2-179,대전광역시,유성구,대전광역시 유성구 계산동 745-5,대전광역시 유성구 학하동 783-3,36.3385991,127.3041295,36.3356898,127.3106495,,1.36,15,4,자전거보행자겸용도로,Y,대전광역시 유성구청,042-611-2807,2025-06-10
학하복용서로(유성-71),중로1-144,대전광역시,유성구,대전광역시 유성구 복용동 562-2(복용네거리),대전광역시 유성구 학하동 717-7(호신네거리),36.3451173,127.3107335,36.3403684,127.3092938,,1.2,20,3,자전거보행자겸용도로,Y,대전광역시 유성구청,042-611-2807,2025-06-10
학하복용서로(유성-72),중로1-147,대전광역시,유성구,대전광역시 유성구 학하동 723-2(호신네거리),대전광역시 유성구 학하동 724-15,36.3399162,127.3090081,36.3375282,127.3075031,,0.6,20,3,자전거보행자겸용도로,Y,대전광역시 유성구청,042-611-2807,2025-06-10
학하남로90번길(유성-73),중로2-194,대전광역시,유성구,대전광역시 유성구 학하동 756-5,대전광역시 유성구 학하동 783-3,36.3370968,127.3077186,36.3356898,127.3106495,,0.59,15,3,자전거보행자겸용도로,Y,대전광역시 유성구청,042-611-2807,2025-06-10
학하복용로(유성-74),중로1-145,대전광역시,유성구,대전광역시 유성구 복용동 580-2(박산삼거리),대전광역시 유성구 학하동 742-6(학무정네거리),36.3438511,127.314666,36.3393191,127.3117426,,1.2,20,3,자전거보행자겸용도로,Y,대전광역시 유성구청,042-611-2807,2025-06-10
학하복용로(유성-75),중로1-148,대전광역시,유성구,대전광역시 유성구 학하동 746-6(학무정네거리),대전광역시 유성구 학하동 762-7,36.3388126,127.311424,36.3350587,127.3090399,,1,20,3,자전거보행자겸용도로,Y,대전광역시 유성구청,042-611-2807,2025-06-10
관평천(유성-76),,대전광역시,유성구,대전광역시 유성구 관평동 485-3(동화교),대전광역시 유성구 용산동 513(관평교),36.4134309,127.3867434,36.4286322,127.4004416,,4.48,,2,자전거보행자겸용도로,Y,대전광역시 유성구청,042-611-2807,2025-06-10
반석천(유성-77),,대전광역시,유성구,대전광역시 유성구 반석동 520(노은4지구),대전광역시 유성구 장대동 379(장현교),36.3887976,127.2978974,36.35880167,127.3414262,,6.2,,2.3,자전거보행자겸용도로,Y,대전광역시 유성구청,042-611-2807,2025-06-10
화산천(유성-78),,대전광역시,유성구,대전광역시 유성구 계산동 720(화산제5교),대전광역시 유성구 학하동 767(학하2교),36.3438972,127.2993032,36.3385144,127.3144343,,3.4,,1.8,자전거보행자겸용도로,Y,대전광역시 유성구청,042-611-2807,2025-06-10
유성천(유성-79),,대전광역시,유성구,대전광역시 유성구 덕명동 570(구덕교),대전광역시 유성구 어은동 109(어은교),36.3586878,127.3072377,36.3620448,127.3563813,,5.2,,3,자전거보행자겸용도로,Y,대전광역시 유성구청,042-611-2807,2025-06-10
탄동천-1(유성-80),,대전광역시,유성구,대전광역시 유성구 자운동 36-7(자운대네거리),대전광역시 유성구 신성동 8-7,36.3959207,127.3477748,36.3805924,127.3563957,,2,,3,자전거보행자겸용도로,Y,대전광역시 유성구청,042-611-2807,2025-06-10
탄동천-2(유성-81),,대전광역시,유성구,대전광역시 유성구 구성동 456(구성교),대전광역시 유성구 구성동 410-1(매봉교),36.37571489,127.3663707,36.37421277,127.3784713,,1.4,,3,자전거보행자겸용도로,Y,대전광역시 유성구청,042-611-2807,2025-06-10
문지로(유성-82),대로3-24,대전광역시,유성구,대전광역시 유성구 문지동 679,대전광역시 유성구 문지동 661-5,36.3903442,127.4051499,36.3907147,127.4089928,,0.8,25,2,자전거전용도로,Y,대전광역시 유성구청,042-611-2807,2025-06-10
엑스포로(유성-83),대로3-25,대전광역시,유성구,대전광역시 유성구 문지동 679,대전광역시 유성구 문지동 632-7,36.3903442,127.4051499,36.3948146,127.405205,,0.65,25,2,자전거전용도로,Y,대전광역시 유성구청,042-611-2807,2025-06-10
계룡로(유성-84),광로2-6,대전광역시,유성구,대전광역시 유성구 봉명동 551-11(유성네거리),대전광역시 유성구 봉명동 1017-6(용반네거리),36.3538562,127.342154,36.3513364,127.347757,,1.2,50,1.5,자전거전용도로,Y,대전광역시 유성구청,042-611-2807,2025-06-10
도안동로(유성-85),소로도안3-2소로도안3-8,대전광역시,유성구,대전광역시 유성구 봉명동 1017-6(용반네거리),대전광역시 유성구 봉명동 1071(용반교),36.3513364,127.347757,36.3454088,127.3473804,,0.56,5,2,자전거전용도로,Y,대전광역시 유성구청,042-611-2807,2025-06-10
월드컵대로(유성-86),"소로 도안3-3,4,6,7",대전광역시,유성구,대전광역시 유성구 봉명동 1019-9,대전광역시 유성구 봉명동 1027-1(진터네거리),36.3487551,127.3470766,36.3489882,127.3419164,,1.4,5,2,자전거전용도로,Y,대전광역시 유성구청,042-611-2807,2025-06-10
월드컵대로(유성-87),소로 도안3-5,대전광역시,유성구,대전광역시 유성구 봉명동 1027-1(진터네거리),대전광역시 유성구 상대동 138-14(상대초등학교),36.3489882,127.3419164,36.3474351,127.3365039,,0.4,5,2,자전거전용도로,Y,대전광역시 유성구청,042-611-2807,2025-06-10
도안대로(유성-88),"소로 도안3-1,10소로 도안 2-13",대전광역시,유성구,대전광역시 유성구 봉명동 1055-1(원골네거리),대전광역시 유성구 봉명동 1016-1(유성네거리),36.3430028,127.3400841,36.3529709,127.3417826,,1.2,5,2,자전거전용도로,Y,대전광역시 유성구청,042-611-2807,2025-06-10
도안대로(유성-89),"소로 도안3-12,13",대전광역시,유성구,대전광역시 유성구 봉명동 1055-1(원골네거리),대전광역시 유성구 상대동 487(상대네거리),36.3430028,127.3400841,36.3396608,127.3354893,,1.16,5,2,자전거전용도로,Y,대전광역시 유성구청,042-611-2807,2025-06-10
상대서로(유성-90),소로 도안3-12,대전광역시,유성구,대전광역시 유성구 상대동 487(상대네거리),대전광역시 유성구 상대동 460-11,36.3396608,127.3354893,36.3381499,127.3328287,,0.25,5,2,자전거전용도로,Y,대전광역시 유성구청,042-611-2807,2025-06-10
원신흥로(유성-91),"소로 도안3-18,19,22,26,28,23,24,25,27",대전광역시,유성구,대전광역시 유성구 원신흥동 540-1,대전광역시 유성구 원신흥동 515-1,36.3379756,127.3387675,36.3383359,127.3485783,,1.9,5,2,자전거전용도로,Y,대전광역시 유성구청,042-611-2807,2025-06-10
도안동로(유성-92),"소로 도안3-11,22,28",대전광역시,유성구,대전광역시 유성구 원신흥동 487,대전광역시 유성구 원신흥동 521-2,36.344072,127.3460462,36.3370851,127.348934,,0.83,5,2,자전거전용도로,Y,대전광역시 유성구청,042-611-2807,2025-06-10
학산로(유성-93),"중로2-177, 중로2-178",대전광역시,유성구,대전광역시 유성구 계산동 749,대전광역시 유성구 계산동 748,36.33787191,127.3020685,36.3393126,127.3028421,학하천,1.04,15,4,자전거보행자겸용도로,Y,대전광역시 유성구청,042-611-2807,2025-06-10
학하서로(유성-94),중로2-180,대전광역시,유성구,대전광역시 유성구 덕명동 601-1,대전광역시 유성구 복용동 557-5,36.347673,127.3007623,36.3438786,127.3069345,한밭대학교,1.47,15,4,자전거보행자겸용도로,Y,대전광역시 유성구청,042-611-2807,2025-06-10
학하중앙로59번길(유성-95),중로2-175,대전광역시,유성구,대전광역시 유성구 덕명동 604-13,대전광역시 유성구 덕명동 605-5,36.3464931,127.3024439,36.345993,127.3016797,덕명중학교,0.26,15,2.1,자전거전용도로,Y,대전광역시 유성구청,042-611-2807,2025-06-10
복용로(유성-96),중로2-181,대전광역시,유성구,대전광역시 유성구 복용동 587-5,대전광역시 유성구 복용동 603-6,36.3432649,127.3114628,36.341220,127.3163266,,1.04,15,4,자전거보행자겸용도로,Y,대전광역시 유성구청,042-611-2807,2025-06-10
상대로(유성-97),중로도안12-264,대전광역시,유성구,대전광역시 유성구 상대동 461-3,대전광역시 유성구 상대동 467-2,36.3431429,127.3344683,36.3482935,127.3368977,유성중학교,1.18,20,1.5,자전거전용도로,Y,대전광역시 유성구청,042-611-2807,2025-06-10
대정로28번길(유성-98),중로2-220,대전광역시,유성구,대전광역시 유성구 대정동 311-1,대전광역시 유성구 대정동 139-4,36.3143313,127.3202586,36.3146786,127.324298,대정초등학교,0.4,15,1.4,자전거전용도로,Y,대전광역시 유성구청,042-611-2807,2025-06-10
대정남로(유성-99),대로1-21,대전광역시,유성구,대전광역시 유성구 대정동 303-3,대전광역시 유성구 교촌동 125-5,36.3120435,127.3189088,36.3118093,127.317363,모다아울렛,0.42,35,1.4,자전거전용도로,Y,대전광역시 유성구청,042-611-2807,2025-06-10
지족로(유성-100),대로3-102,대전광역시,유성구,대전광역시 유성구 지족동 1040,대전광역시 유성구 지족동 산24-23,36.3820522,127.3033414,36.3732297,127.3065405,새미래초등학교,2.4,25,1.3,자전거전용도로,Y,대전광역시 유성구청,042-611-2807,2025-06-10
계백로93번길(유성-101),,대전광역시,유성구,대전광역시 유성구 송정동 21-10,대전광역시 유성구 송정동 46-3,36.275943,127.2632581,36.2788164,127.2644555,,0.5,8,1.2,자전거전용도로,Y,대전광역시 유성구청,042-611-2807,2025-06-10
유성대로720번길(유성-102),중로2-319,대전광역시,유성구,대전광역시 유성구 장대동 267-5(구암교네거리),대전광역시 유성구 장대동 12-7,36.3582703,127.3320553,36.3574737,127.336285,,0.71,15,2.5,자전거보행자겸용도로,Y,대전광역시 유성구청,042-611-2807,2025-06-10
대덕대로512번길(유성-103),중로1-137,대전광역시,유성구,대전광역시 유성구 도룡동 3-10,대전광역시 유성구 도룡동 4-16,36.3789123,127.3900348,36.3760317,127.397803,대전 엑스포 동측,0.98,20,3,자전거보행자겸용도로,Y,대전광역시 유성구청,042-611-2807,2025-06-10
엑스포로97번길(유성-104),중로1-136,대전광역시,유성구,대전광역시 유성구 도룡동 4,대전광역시 유성구 도룡동 4-19,36.3787207,127.3913403,36.3749893,127.3912914,대전 엑스포 동측,1.17,20,3,자전거보행자겸용도로,Y,대전광역시 유성구청,042-611-2807,2025-06-10
엑스포로123번길(유성-105),중로3-64,대전광역시,유성구,대전광역시 유성구 도룡동 4-6,대전광역시 유성구 도룡동 4-27,36.3781744,127.3920133,36.3750344,127.393063,대전 엑스포 동측,0.9,12,3,자전거보행자겸용도로,Y,대전광역시 유성구청,042-611-2807,2025-06-10
엑스포로123번길(유성-106),중로1-176,대전광역시,유성구,대전광역시 유성구 도룡동 4-20,대전광역시 유성구 도룡동 4-29,36.3766193,127.3910335,36.3770159,127.3928247,대전 엑스포 동측,0.53,20,3,자전거보행자겸용도로,Y,대전광역시 유성구청,042-611-2807,2025-06-10
엑스포로123번길(유성-107),중로1-177,대전광역시,유성구,대전광역시 유성구 도룡동 4-20,대전광역시 유성구 도룡동 4-19,36.3766193,127.3910335,36.3749893,127.3912914,대전 엑스포 동측,0.13,20,1.25,자전거전용도로,Y,대전광역시 유성구청,042-611-2807,2025-06-10
엑스포로123번길(유성-108),중로1-178,대전광역시,유성구,대전광역시 유성구 도룡동 4-15,대전광역시 유성구 도룡동 4-8,36.3767386,127.3967834,36.3761927,127.3939902,대전 엑스포 동측,0.33,20,3,자전거보행자겸용도로,Y,대전광역시 유성구청,042-611-2807,2025-06-10
(유성-109),,대전광역시,유성구,대전광역시 유성구 도룡동 164-6,대전광역시 유성구 도룡동 3-1,36.3743013,127.3854012,36.3778275,127.3823643,과학기술원,0.38,,1.8,자전거전용도로,Y,대전광역시 유성구청,042-611-2807,2025-06-10
유성대로(유성-110),대로1-29,대전광역시,유성구,대전광역시 유성구 장대동 271-5,대전광역시 유성구 장대동 267-5,36.3607495,127.3354326,36.3582703,127.3320553,,0.9,35,1.5,자전거전용도로,Y,대전광역시 유성구청,042-611-2807,2025-06-10
계룡로(유성-111),대로3-95,대전광역시,유성구,대전광역시 유성구 봉명동 553-2,대전광역시 유성구 구암동 586-1,36.3532606,127.3403875,36.3562492,127.331638,구암역,1.89,25,3,자전거보행자겸용도로,Y,대전광역시 유성구청,042-611-2807,2025-06-10
도안대로590번길(유성-112),중로1-261,대전광역시,유성구,대전광역시 유성구 봉명동 1016-8,대전광역시 유성구 봉명동 1016-1,36.3520755,127.3444864,36.3529709,127.3417826,,0.28,20,2,자전거전용도로,Y,대전광역시 유성구청,042-611-2807,2025-06-10
계룡로74번길(유성-113),중로1-14,대전광역시,유성구,대전광역시 유성구 봉명동 447-12,대전광역시 유성구 봉명동 557-19,36.3540651,127.3391885,36.3506061,127.3378697,온천1동행정복지센터,0.9,20,3,자전거보행자겸용도로,Y,대전광역시 유성구청,042-611-2807,2025-06-10
(유성-114),중로1-287,대전광역시,유성구,대전광역시 유성구 덕진동 산12-16,대전광역시 유성구 송강동 산10-19,36.4212885,127.3795447,36.4285733,127.3766318,,1.3,20,1.5,자전거전용도로,Y,대전광역시 유성구청,042-611-2807,2025-06-10
덕명동로(유성-115),중로1-152,대전광역시,유성구,대전광역시 유성구 구암동 672,대전광역시 유성구 덕명동 533-6,36.3591459,127.3085373,36.3574002,127.3074386,,0.52,20,5.5,자전거보행자겸용도로,Y,대전광역시 유성구청,042-611-2807,2025-06-10
덕명로(유성-116),중로1-149,대전광역시,유성구,대전광역시 유성구 덕명동 561-1,대전광역시 유성구 덕명동 502,36.3580691,127.3031317,36.3600489,127.3010973,,0.78,20,2.9,자전거보행자겸용도로,Y,대전광역시 유성구청,042-611-2807,2025-06-10
북유성대로(유성-117),중로1-172,대전광역시,유성구,대전광역시 유성구 지족동 941(은구비네거리),대전광역시 유성구 죽동 600,36.37700801,127.3251378,36.38137147,127.3234507,유성경찰서,0.84,20,2.2,자전거전용도로,Y,대전광역시 유성구청,042-611-2807,2025-06-10
지족로364번길(유성-118),중로2-157,대전광역시,유성구,대전광역시 유성구 지족동 840-2,대전광역시 유성구 지족동 986-1,36.3830802,127.3190812,36.3864594,127.3174244,지족역,0.53,15,2.2,자전거전용도로,Y,대전광역시 유성구청,042-611-2807,2025-06-10
지족동로(유성-119),중로1-226,대전광역시,유성구,대전광역시 유성구 지족동 1088,대전광역시 유성구 지족동 1060-1(덕산삼거리),36.3888745,127.3002486,36.37482671,127.3048023,새미래중학교,5.6,20,1.5,자전거전용도로,Y,대전광역시 유성구청,042-611-2807,2025-06-10
지족북로(유성-120),중로2-629,대전광역시,유성구,대전광역시 유성구 지족동 1090-1,대전광역시 유성구 지족동 1095-6,36.3890176,127.3031455,36.3894841,127.3074328,,0.41,15,4,자전거보행자겸용도로,Y,대전광역시 유성구청,042-611-2807,2025-06-10
지족북로(유성-121),"중로1-229, 중로1-232",대전광역시,유성구,대전광역시 유성구 지족동 1060-7,대전광역시 유성구 반석동 707,36.3858584,127.3038536,36.3896519,127.3037417,,0.93,20,4,자전거보행자겸용도로,Y,대전광역시 유성구청,042-611-2807,2025-06-10
유성대로1184번길(유성-122),"중로2-307, 중로2-308, 중로1-220",대전광역시,유성구,대전광역시 유성구 신성동 540,대전광역시 유성구 신성동 481,36.3942914,127.3514337,36.3958278,127.3538957,신성국가산업단지,0.8,20,2.5,자전거전용도로,Y,대전광역시 유성구청,042-611-2807,2025-06-10
유성대로1205번길(유성-123),중로2-309,대전광역시,유성구,대전광역시 유성구 자운동 567,대전광역시 유성구 자운동 577,36.3960199,127.352757,36.3949215,127.3512946,신성국가산업단지,0.42,15,2.5,자전거전용도로,Y,대전광역시 유성구청,042-611-2807,2025-06-10
신성로(유성-124),중로2-306,대전광역시,유성구,대전광역시 유성구 신성동 536,대전광역시 유성구 신성동 529,36.3939368,127.352529,36.3949885,127.3536797,신성국가산업단지,0.21,15,2.5,자전거전용도로,Y,대전광역시 유성구청,042-611-2807,2025-06-10
자운로(유성-125),,대전광역시,유성구,대전광역시 유성구 자운동 41-10,대전광역시 유성구 추목동 250,36.3966693,127.3478689,36.4157342,127.3485793,자운대,4.6,35,1.5,자전거전용도로,Y,대전광역시 유성구청,042-611-2807,2025-06-10
테크노3로(유성-126),중로1-13,대전광역시,유성구,대전광역시 유성구 관평동 884,대전광역시 유성구 관평동 805,36.4255387,127.3875626,36.4269321,127.3886334,,0.44,20,1.2,자전거전용도로,Y,대전광역시 유성구청,042-611-2807,2025-06-10
테크노10로(유성-127),중로1-18,대전광역시,유성구,대전광역시 유성구 탑립동 847,대전광역시 유성구 탑립동 873,36.4154483,127.4133772,36.4163287,127.4073269,,1.35,20,1.5,자전거전용도로,Y,대전광역시 유성구청,042-611-2807,2025-06-10
테크노9로(유성-128),중로1-12,대전광역시,유성구,대전광역시 유성구 탑립동 699,대전광역시 유성구 탑립동 694,36.4226686,127.4081932,36.4200216,127.4068974,"대전세관, 국방기술연구소",0.87,20,1.5,자전거전용도로,Y,대전광역시 유성구청,042-611-2807,2025-06-10
테크노7로(유성-129),대로3-5,대전광역시,유성구,대전광역시 유성구 용산동 521,대전광역시 유성구 용산동 578,36.4258521,127.4031952,36.4244066,127.400686,,0.82,25,2,자전거전용도로,Y,대전광역시 유성구청,042-611-2807,2025-06-10
용산1로(유성-130),대로3-6,대전광역시,유성구,대전광역시 유성구 용산동 616,대전광역시 유성구 용산동 725,36.421707,127.3979189,36.4167326,127.3962178,,1.32,25,1.8,자전거전용도로,Y,대전광역시 유성구청,042-611-2807,2025-06-10
테크노1로(유성-131),중로1-21,대전광역시,유성구,대전광역시 유성구 관평동 1321,대전광역시 유성구 관평동 1337,36.4303846,127.3923202,36.432232,127.3887703,,0.86,20,1.2,자전거전용도로,Y,대전광역시 유성구청,042-611-2807,2025-06-10
테크노4로(유성-132),대로3-2,대전광역시,유성구,대전광역시 유성구 관평동 689,대전광역시 유성구 관평동 699,36.4318495,127.396848,36.4203459,127.3872465,관평동 행정복지센터,3.76,25,2,자전거전용도로,Y,대전광역시 유성구청,042-611-2807,2025-06-10
테크노6로(유성-133),중로1-10,대전광역시,유성구,대전광역시 유성구 관평동 689,대전광역시 유성구 관평동 688,36.4318495,127.396848,36.4292989,127.3986186,,0.37,20,1.4,자전거전용도로,Y,대전광역시 유성구청,042-611-2807,2025-06-10
금남구즉로(유성-134),중로1-17,대전광역시,유성구,대전광역시 유성구 봉산동 127,대전광역시 유성구 봉산동 산58-3,36.4377424,127.3912925,36.4385472,127.3882858,갑천,0.7,20,1.5,자전거보행자겸용도로,Y,대전광역시 유성구청,042-611-2807,2025-06-10
구룡달전로(유성-135),중로1-93,대전광역시,유성구,대전광역시 유성구 봉산동 303,대전광역시 유성구 봉산동 302,36.4388919,127.3869669,36.4394026,127.3863941,,2.8,20,3,자전거보행자겸용도로,Y,대전광역시 유성구청,042-611-2807,2025-06-10
(유성-136),,대전광역시,유성구,대전광역시 유성구 봉산동 338-2,대전광역시 유성구 봉산동 272-4,36.4393517,127.3887591,36.4389146,127.3878814,갑천,0.12,,4.3,자전거전용도로,Y,대전광역시 유성구청,042-611-2807,2025-06-10
금남구즉로(유성-137),중로1-17,대전광역시,유성구,대전광역시 유성구 신동 657-1,대전광역시 유성구 신동 666-1,36.47469089,127.3649983,36.473637,127.3801755,,1.6,20,2.5,자전거전용도로,Y,대전광역시 유성구청,042-611-2807,2025-06-10
국제과학로(유성-138),중로1-신동1,대전광역시,유성구,대전광역시 유성구 신동 738,대전광역시 유성구 구룡동 산117-1,36.4733867,127.3687031,36.4487065,127.3562016,,6.82,20,4,자전거보행자겸용도로,Y,대전광역시 유성구청,042-611-2807,2025-06-10
국제과학9로(유성-139),중로1-둔곡2,대전광역시,유성구,대전광역시 유성구 둔곡동 401-4,대전광역시 유성구 둔곡동 408-2,36.4641869,127.3607375,36.4607324,127.3652733,,1.1,20,2,자전거보행자겸용도로,Y,대전광역시 유성구청,042-611-2807,2025-06-10
과학성장로(유성-140),중로1-둔곡3,대전광역시,유성구,대전광역시 유성구 둔곡동 404-4,대전광역시 유성구 구룡동 760-1,36.4600366,127.3615414,36.4519308,127.3591536,,3.2,20,2,자전거보행자겸용도로,Y,대전광역시 유성구청,042-611-2807,2025-06-10
수통골로(유성-141),,대전광역시,유성구,대전광역시 유성구 덕명동 475-18,대전광역시 유성구 계산동 766,36.345869,127.2898161,36.3449208,127.3001853,,0.8,8,2,자전거전용도로,Y,대전광역시 유성구청,042-611-2807,2025-06-10
동서대로(유성-142),"광로2-8, 광로2-14",대전광역시,유성구,대전광역시 유성구 학하동 30,대전광역시 유성구 상대동 569,36.3322777,127.3207265,36.3327293,127.3320952,,1.6,50,2,자전거전용도로,Y,대전광역시 유성구청,042-611-2807,2025-06-10
진잠천(유성-143),,대전광역시,유성구,대전광역시 유성구 복용동 456-162,대전광역시 유성구 원신흥동 137-1,36.3325279,127.3283209,36.3463531,127.3495142,진잠천,5.4,,2,자전거보행자겸용도로,Y,대전광역시 유성구청,042-611-2807,2025-06-10
진잠로(유성-144),,대전광역시,유성구,대전광역시 유성구 교촌동 644-16,대전광역시 유성구 원내동 65-4,36.3008462,127.3150981,36.2987688,127.3158734,진잠초등학교,0.21,20,3.5,자전거보행자겸용도로,Y,대전광역시 유성구청,042-611-2807,2025-06-10
배울1로(유성-145),대로2-3,대전광역시,유성구,대전광역시 유성구 와동 315,대전광역시 유성구 전민동 20-2(탑립삼거리),36.40796814,127.4191061,36.41026268,127.4141749,,0.83,30,2,자전거보행자겸용도로,Y,대전광역시 유성구청,042-611-2807,2025-06-10
용산1로(유성-146),대로3,대전광역시,유성구,대전광역시 유성구 용산동 754,대전광역시 유성구 용산동 754,36.4144992,127.3929903,36.4144992,127.3929903,호반써밋그랜드파크,1.08,25,1.5,자전거전용도로,Y,대전광역시 유성구청,042-611-2807,2025-06-10
용성로(유성-147),중로2,대전광역시,유성구,대전광역시 유성구 용산동 759,대전광역시 유성구 용산동 759,36.4146508,127.3908929,36.4146508,127.3908929,호반써밋그랜드파크,0.7,15,3.6,자전거보행자겸용도로,Y,대전광역시 유성구청,042-611-2807,2025-06-10
용성북로(유성-148),중로2,대전광역시,유성구,대전광역시 유성구 용산동 758,대전광역시 유성구 용산동 758,36.4154423,127.3923474,36.4154423,127.3923474,호반써밋그랜드파크,0.58,15,3,자전거보행자겸용도로,Y,대전광역시 유성구청,042-611-2807,2025-06-10
용성북로(유성-149),소로3,대전광역시,유성구,대전광역시 유성구 용산동 757,대전광역시 유성구 용산동 757,36.4162931,127.3930656,36.4162931,127.3930656,호반써밋그랜드파크,0.5,8,3.75,자전거보행자겸용도로,Y,대전광역시 유성구청,042-611-2807,2025-06-10
온천동로(유성-150),대로1-8,대전광역시,유성구,대전광역시 유성구 봉명동 669,대전광역시 유성구 봉명동 669,36.358410,127.3541828,36.358410,127.3541828,유성홈플러스,0.24,35,2,자전거전용도로,Y,대전광역시 유성구청,042-611-2807,2025-06-10
덕명로(유성-151),중로1덕명150,대전광역시,유성구,대전광역시 유성구 구암동 495-5,대전광역시 유성구 덕명동 569,36.3564091,127.3106005,36.3577459,127.3033575,미로공원,1.34,20,3,자전거보행자겸용도로,Y,대전광역시 유성구청,042-611-2807,2025-06-10
상대복용로(유성-152),대로1-38,대전광역시,유성구,대전광역시 유성구 용계동 184,대전광역시 유성구 상대동 583,36.332139,127.329672,36.3381808,127.3302998,복용초등학교,1.98,35,2.25,자전거전용도로,Y,대전광역시 유성구청,042-611-2807,2025-06-10
상대복용로29번길(유성-153),대로3,대전광역시,유성구,대전광역시 유성구 상대동 589,대전광역시 유성구 상대동 589,36.3361211,127.3310303,36.3361211,127.3310303,아이파크시티2단지,0.72,25,1.5,자전거전용도로,Y,대전광역시 유성구청,042-611-2807,2025-06-10
상대복용로29번길(유성-154),대로3,대전광역시,유성구,대전광역시 유성구 상대동 584,대전광역시 유성구 상대동 584,36.3370757,127.3325148,36.3370757,127.3325148,아이파크시티1단지,0.42,25,1.5,자전거전용도로,Y,대전광역시 유성구청,042-611-2807,2025-06-10
용산2로(유성-155),중로3,대전광역시,유성구,대전광역시 유성구 용산동 716,대전광역시 유성구 용산동 128-9,36.4200778,127.3983106,36.4162018,127.3964003,한미르대덕CC,0.7,12,3.5,자전거보행자겸용도로,Y,대전광역시 유성구청,042-611-2807,2025-06-10
송림로(유성-156),중로1,대전광역시,유성구,대전광역시 유성구 하기동 596,대전광역시 유성구 하기동 596,36.3872333,127.3235482,36.3872333,127.3235482,송림네거리,0.22,25,1.8,자전거전용도로,Y,대전광역시 유성구청,042-611-2807,2025-06-10
복합환승로(유성-157),중로1-310,대전광역시,유성구,대전광역시 유성구 구암동 745,대전광역시 유성구 구암동 176-5,36.35517643,127.3278424,36.353239,127.3268061,구암다가온행복주택,0.41,25,3.1,자전거보행자겸용도로,Y,대전광역시 유성구청,042-611-2807,2025-06-10
유성대로653번길(유성-158),중로1-315,대전광역시,유성구,대전광역시 유성구 구암동 176-5,대전광역시 유성구 구암동 162-5,36.353239,127.3268061,36.3525367,127.328539,유성고네거리,0.38,25,3,자전거보행자겸용도로,Y,대전광역시 유성구청,042-611-2807,2025-06-10
관용로(유성-159),소로1관평2,대전광역시,유성구,대전광역시 유성구 용산동 764,대전광역시 유성구 용산동 764,36.4122721,127.3910006,36.4122721,127.3910006,호반써밋그랜드파크,0.65,12,3,자전거보행자겸용도로,Y,대전광역시 유성구청,042-611-2807,2025-06-10
